{"stats":{"minecraft:picked_up":{"minecraft:leather":6,"minecraft:filled_map":1,"minecraft:music_disc_cat":14,"minecraft:spruce_planks":3,"minecraft:copper_ore":3,"minecraft:music_disc_chirp":2,"minecraft:glow_item_frame":1,"minecraft:big_dripleaf":4,"minecraft:music_disc_pigstep":15,"minecraft:grass_block":1,"minecraft:redstone":2,"minecraft:green_carpet":1,"minecraft:light_gray_concrete":1,"minecraft:white_concrete_powder":9},"minecraft:dropped":{"minecraft:music_disc_chirp":2,"minecraft:ender_chest":1,"minecraft:music_disc_pigstep":11,"minecraft:light_gray_concrete":1,"minecraft:elytra":1,"minecraft:grass_block":1,"minecraft:filled_map":1,"minecraft:copper_ore":3,"minecraft:gray_concrete":1,"minecraft:gray_wool":1,"minecraft:spruce_planks":3,"minecraft:map":1,"minecraft:music_disc_cat":5},"minecraft:crafted":{"minecraft:snow":6,"minecraft:snow_block":4},"minecraft:killed":{"minecraft:ender_dragon":1,"minecraft:llama":8},"minecraft:custom":{"minecraft:mob_kills":9,"minecraft:interact_with_anvil":8,"minecraft:play_record":33,"minecraft:interact_with_cartography_table":24,"minecraft:interact_with_crafting_table":1,"minecraft:pot_flower":2,"minecraft:leave_game":36,"minecraft:time_since_death":77595,"minecraft:sleep_in_bed":12,"minecraft:time_since_rest":77646,"minecraft:walk_one_cm":742790,"minecraft:open_enderchest":52,"minecraft:sprint_one_cm":341082,"minecraft:damage_taken":1240,"minecraft:drop":31,"minecraft:damage_dealt":4730,"minecraft:interact_with_beacon":2,"minecraft:fly_one_cm":2046761,"minecraft:open_chest":1,"minecraft:crouch_one_cm":30153,"minecraft:play_time":762311,"minecraft:deaths":5,"minecraft:sneak_time":22094,"minecraft:boat_one_cm":3721,"minecraft:aviate_one_cm":1899852,"minecraft:jump":3374,"minecraft:walk_on_water_one_cm":608,"minecraft:total_world_time":881109,"minecraft:horse_one_cm":6260},"minecraft:used":{"minecraft:deepslate_emerald_ore":41,"minecraft:calcite":25,"minecraft:moss_block":1326,"minecraft:emerald_ore":11,"minecraft:netherite_sword":2,"minecraft:iron_ore":12,"minecraft:amethyst_block":587,"minecraft:spruce_door":1,"minecraft:lodestone":1,"minecraft:flint_and_steel":5,"minecraft:snow_block":1675,"minecraft:smooth_quartz_slab":115,"minecraft:spruce_slab":1,"minecraft:redstone":65,"minecraft:oak_planks":63,"minecraft:dead_brain_coral":1,"minecraft:elytra":1,"minecraft:cartography_table":3,"minecraft:oak_sign":6,"minecraft:white_concrete_powder":22,"minecraft:spruce_planks":1,"minecraft:chest":3,"minecraft:ender_chest":2,"minecraft:stone":1146,"minecraft:redstone_block":44,"minecraft:llama_spawn_egg":7,"minecraft:deepslate_gold_ore":47,"minecraft:beacon":3,"minecraft:quartz_stairs":41,"minecraft:cobblestone_slab":9,"minecraft:leather_boots":1,"minecraft:gold_ore":3,"minecraft:smooth_quartz_stairs":8,"minecraft:white_candle":6,"minecraft:debug_stick":336,"minecraft:glow_item_frame":15,"minecraft:dark_oak_trapdoor":19,"minecraft:anvil":2,"minecraft:rail":3,"minecraft:music_disc_cat":14,"minecraft:tnt":94,"minecraft:crafting_table":1,"minecraft:spruce_stairs":7,"minecraft:blue_ice":44,"minecraft:gray_concrete":2210,"minecraft:glow_lichen":2,"minecraft:axolotl_bucket":2,"minecraft:spruce_log":6,"minecraft:deepslate_tiles":13,"minecraft:big_dripleaf":23,"minecraft:black_terracotta":3,"minecraft:polished_blackstone_slab":18,"minecraft:packed_ice":12,"minecraft:flower_pot":3,"minecraft:netherite_block":17,"minecraft:ender_eye":12,"minecraft:light":193,"minecraft:black_concrete":577,"minecraft:firework_rocket":418,"minecraft:coal_ore":2,"minecraft:music_disc_pigstep":16,"minecraft:command_block":3,"minecraft:light_weighted_pressure_plate":2,"minecraft:dead_fire_coral":2,"minecraft:quartz_slab":69,"minecraft:light_gray_concrete":142,"minecraft:deepslate_copper_ore":39,"minecraft:deepslate_iron_ore":4,"minecraft:grass_block":86,"minecraft:slime_block":45,"minecraft:map":12,"minecraft:netherite_axe":19,"minecraft:copper_ore":16,"minecraft:spore_blossom":3,"minecraft:music_disc_chirp":3,"minecraft:light_blue_bed":2,"minecraft:stone_slab":12,"minecraft:polished_blackstone_brick_stairs":10,"minecraft:spruce_trapdoor":7,"minecraft:gray_concrete_powder":1,"minecraft:diamond_ore":8,"minecraft:deepslate":755,"minecraft:flowering_azalea_leaves":2,"minecraft:deepslate_diamond_ore":10,"minecraft:cobblestone":28,"minecraft:repeater":45,"minecraft:potion":3,"minecraft:lime_concrete":1,"minecraft:snow":510,"minecraft:black_stained_glass":2,"minecraft:dark_oak_boat":2,"minecraft:gold_block":22,"minecraft:deepslate_coal_ore":7,"minecraft:minecart":3,"minecraft:black_candle":17,"minecraft:glass_pane":1,"minecraft:end_portal_frame":13,"minecraft:ice":3,"minecraft:skeleton_skull":2,"minecraft:sea_pickle":7,"minecraft:white_concrete":41,"minecraft:cobbled_deepslate":28,"minecraft:dandelion":2,"minecraft:powder_snow_bucket":119,"minecraft:bone_meal":52,"minecraft:jukebox":6,"minecraft:hanging_roots":15,"minecraft:pointed_dripstone":3}},"DataVersion":2730}