{"stats":{"minecraft:mined":{"minecraft:iron_bars":20,"minecraft:moss_block":1},"minecraft:killed":{"minecraft:zombified_piglin":1},"minecraft:killed_by":{"minecraft:player":5},"minecraft:picked_up":{"minecraft:barrier":2,"minecraft:stone_button":2,"minecraft:purple_stained_glass":1,"minecraft:lever":2,"minecraft:powered_rail":5,"minecraft:oak_planks":2,"minecraft:iron_bars":20,"minecraft:rail":9},"minecraft:used":{"minecraft:moss_block":1,"minecraft:lever":13,"minecraft:iron_bars":20,"minecraft:flint_and_steel":3,"minecraft:command_block":16,"minecraft:light_gray_concrete":20,"minecraft:oak_planks":110,"minecraft:powered_rail":14,"minecraft:barrier":147,"minecraft:stone_button":3,"minecraft:stone":25,"minecraft:diamond_axe":1,"minecraft:player_head":2,"minecraft:rail":50,"minecraft:tnt":3,"minecraft:birch_sign":2,"minecraft:chain_command_block":7,"minecraft:repeating_command_block":4,"minecraft:dripstone_block":1,"minecraft:powder_snow_bucket":10,"minecraft:golden_pickaxe":20},"minecraft:custom":{"minecraft:time_since_rest":47762,"minecraft:sprint_one_cm":157594,"minecraft:damage_taken":50307,"minecraft:walk_one_cm":107761,"minecraft:mob_kills":1,"minecraft:drop":5,"minecraft:minecart_one_cm":23729,"minecraft:damage_dealt":2227,"minecraft:fly_one_cm":652549,"minecraft:player_kills":4,"minecraft:crouch_one_cm":24414,"minecraft:play_time":181048,"minecraft:deaths":12,"minecraft:sneak_time":8316,"minecraft:boat_one_cm":20106,"minecraft:jump":1488,"minecraft:leave_game":4,"minecraft:time_since_death":47586,"minecraft:total_world_time":181048,"minecraft:damage_resisted":270,"minecraft:fall_one_cm":79666},"minecraft:dropped":{"minecraft:lever":2,"minecraft:barrier":1,"minecraft:oak_planks":1,"minecraft:powered_rail":1}},"DataVersion":2730}