{"stats":{"minecraft:dropped":{"minecraft:water_bucket":1,"minecraft:soul_sand":1,"minecraft:moss_block":4,"minecraft:glow_ink_sac":1,"minecraft:barrier":2,"minecraft:cobblestone":1,"minecraft:amethyst_block":4,"minecraft:command_block":5,"minecraft:deepslate_tile_slab":1,"minecraft:polished_blackstone_button":7,"minecraft:grass_block":1,"minecraft:rail":7,"minecraft:dirt":2,"minecraft:stone_button":2,"minecraft:polished_blackstone_pressure_plate":4,"minecraft:sponge":1,"minecraft:repeater":6,"minecraft:flowering_azalea":1,"minecraft:black_concrete":1,"minecraft:redstone_block":640,"minecraft:redstone":3,"minecraft:moss_carpet":3,"minecraft:warped_nylium":1,"minecraft:player_head":27,"minecraft:cobbled_deepslate":1,"minecraft:deepslate":1,"minecraft:sculk_sensor":1,"minecraft:cobbled_deepslate_slab":2,"minecraft:budding_amethyst":2,"minecraft:oak_sign":1,"minecraft:purple_stained_glass":1,"minecraft:light":1,"minecraft:big_dripleaf":2,"minecraft:snow":1,"minecraft:cobblestone_slab":1,"minecraft:powder_snow_bucket":2,"minecraft:blue_ice":1,"minecraft:leather_boots":1,"minecraft:azalea":1,"minecraft:redstone_torch":1,"minecraft:birch_sign":2},"minecraft:picked_up":{"minecraft:redstone_block":4,"minecraft:light":1,"minecraft:amethyst_block":3,"minecraft:moss_carpet":3,"minecraft:netherite_ingot":1,"minecraft:oak_sign":1,"minecraft:cobblestone_slab":1,"minecraft:big_dripleaf":1,"minecraft:stone_button":1,"minecraft:pointed_dripstone":3,"minecraft:redstone":3,"minecraft:command_block":3,"minecraft:cobblestone":1,"minecraft:rail":71,"minecraft:barrier":1,"minecraft:repeater":4,"minecraft:glow_ink_sac":1,"minecraft:leather":2,"minecraft:dirt":9,"minecraft:cobbled_deepslate_slab":1,"minecraft:moss_block":5,"minecraft:flowering_azalea":2,"minecraft:budding_amethyst":1,"minecraft:grass_block":1,"minecraft:deepslate":1,"minecraft:polished_blackstone_pressure_plate":6,"minecraft:polished_blackstone_button":9,"minecraft:birch_sign":2,"minecraft:warped_nylium":1},"minecraft:mined":{"minecraft:powder_snow":2},"minecraft:killed":{"minecraft:llama":2,"minecraft:goat":2},"minecraft:custom":{"minecraft:interact_with_anvil":3,"minecraft:mob_kills":4,"minecraft:leave_game":36,"minecraft:time_since_death":83259,"minecraft:damage_resisted":222,"minecraft:sprint_one_cm":698948,"minecraft:walk_one_cm":631561,"minecraft:drop":720,"minecraft:play_time":1220570,"minecraft:deaths":17,"minecraft:sneak_time":59556,"minecraft:walk_under_water_one_cm":12114,"minecraft:boat_one_cm":23017,"minecraft:jump":7807,"minecraft:walk_on_water_one_cm":12019,"minecraft:total_world_time":1438354,"minecraft:interact_with_cartography_table":3,"minecraft:time_since_rest":83332,"minecraft:open_enderchest":9,"minecraft:damage_taken":10901,"minecraft:damage_dealt":2213,"minecraft:minecart_one_cm":11542,"minecraft:interact_with_beacon":8,"minecraft:swim_one_cm":444,"minecraft:fly_one_cm":3264974,"minecraft:open_chest":1,"minecraft:crouch_one_cm":183156,"minecraft:fall_one_cm":490631,"minecraft:horse_one_cm":666},"minecraft:used":{"minecraft:azalea":13,"minecraft:moss_block":213,"minecraft:redstone":166,"minecraft:oak_sign":8,"minecraft:mycelium":13,"minecraft:axolotl_spawn_egg":2,"minecraft:ender_chest":1,"minecraft:stone":257,"minecraft:deepslate_gold_ore":4,"minecraft:quartz_stairs":3,"minecraft:player_head":5,"minecraft:sculk_sensor":10,"minecraft:dirt":183,"minecraft:soul_sand":23,"minecraft:deepslate_tile_slab":3,"minecraft:milk_bucket":1,"minecraft:big_dripleaf":6,"minecraft:polished_blackstone_slab":116,"minecraft:packed_ice":103,"minecraft:flowering_azalea":12,"minecraft:quartz_pillar":32,"minecraft:grass_block":49,"minecraft:deepslate_copper_ore":4,"minecraft:quartz_block":244,"minecraft:copper_ore":2,"minecraft:warped_nylium":120,"minecraft:polished_blackstone_brick_stairs":102,"minecraft:tripwire_hook":2,"minecraft:repeater":97,"minecraft:snow":28,"minecraft:black_stained_glass":9,"minecraft:stone_pressure_plate":1,"minecraft:cobbled_deepslate":36,"minecraft:observer":3,"minecraft:powder_snow_bucket":5,"minecraft:pointed_dripstone":11,"minecraft:calcite":98,"minecraft:water_bucket":35,"minecraft:ink_sac":1,"minecraft:amethyst_block":170,"minecraft:snow_block":58,"minecraft:oak_planks":36,"minecraft:blackstone":1,"minecraft:lime_concrete_powder":1,"minecraft:redstone_block":14,"minecraft:llama_spawn_egg":1,"minecraft:beacon":5,"minecraft:glow_ink_sac":3,"minecraft:clay":193,"minecraft:leather_boots":1,"minecraft:large_amethyst_bud":4,"minecraft:glow_item_frame":1,"minecraft:polished_blackstone_pressure_plate":175,"minecraft:glow_berries":11,"minecraft:dark_oak_trapdoor":3,"minecraft:rail":62,"minecraft:comparator":7,"minecraft:birch_sign":24,"minecraft:blue_ice":110,"minecraft:sponge":5,"minecraft:dripstone_block":148,"minecraft:gray_concrete":4,"minecraft:small_amethyst_bud":8,"minecraft:redstone_torch":2,"minecraft:purple_stained_glass":1,"minecraft:amethyst_cluster":5,"minecraft:netherite_block":118,"minecraft:light":93,"minecraft:black_concrete":85,"minecraft:command_block":134,"minecraft:light_gray_concrete":27,"minecraft:deepslate_iron_ore":9,"minecraft:barrier":130,"minecraft:string":2,"minecraft:stone_button":3,"minecraft:map":3,"minecraft:netherite_axe":5,"minecraft:spore_blossom":11,"minecraft:diamond_ore":1,"minecraft:deepslate":90,"minecraft:budding_amethyst":23,"minecraft:flowering_azalea_leaves":2,"minecraft:crimson_sign":5,"minecraft:fishing_rod":18,"minecraft:cobblestone":43,"minecraft:cobbled_deepslate_slab":15,"minecraft:medium_amethyst_bud":10,"minecraft:deepslate_coal_ore":2,"minecraft:polished_blackstone_button":13,"minecraft:goat_spawn_egg":1,"minecraft:bone_meal":13}},"DataVersion":2730}