{"stats":{"minecraft:mined":{"minecraft:flowering_azalea":1,"minecraft:moss_block":5},"minecraft:custom":{"minecraft:jump":107,"minecraft:time_since_rest":12039,"minecraft:damage_dealt":936,"minecraft:leave_game":1,"minecraft:sprint_one_cm":2464,"minecraft:play_time":12039,"minecraft:damage_taken":460,"minecraft:time_since_death":12039,"minecraft:walk_one_cm":31534,"minecraft:total_world_time":12039,"minecraft:fall_one_cm":22219,"minecraft:fly_one_cm":10605},"minecraft:picked_up":{"minecraft:moss_block":2},"minecraft:used":{"minecraft:moss_block":2}},"DataVersion":2730}