{"stats":{"minecraft:mined":{"minecraft:spore_blossom":1},"minecraft:picked_up":{"minecraft:stone_button":1,"minecraft:tnt":4,"minecraft:command_block":1,"minecraft:spore_blossom":1},"minecraft:killed_by":{"minecraft:player":4},"minecraft:used":{"minecraft:moss_block":83,"minecraft:amethyst_block":2,"minecraft:snow_block":1,"minecraft:command_block":2,"minecraft:oak_planks":1,"minecraft:elytra":1,"minecraft:stone_button":1,"minecraft:spore_blossom":1,"minecraft:polished_granite":17,"minecraft:stone":1,"minecraft:player_head":4,"minecraft:birch_sign":1,"minecraft:bucket":3,"minecraft:dripstone_block":2,"minecraft:powder_snow_bucket":3,"minecraft:enchanted_golden_apple":1},"minecraft:custom":{"minecraft:time_since_rest":21491,"minecraft:sprint_one_cm":303064,"minecraft:damage_taken":24312,"minecraft:walk_one_cm":200208,"minecraft:drop":27,"minecraft:minecart_one_cm":404,"minecraft:damage_dealt":3294,"minecraft:fly_one_cm":866434,"minecraft:player_kills":5,"minecraft:crouch_one_cm":29627,"minecraft:play_time":157044,"minecraft:deaths":21,"minecraft:sneak_time":10427,"minecraft:boat_one_cm":23878,"minecraft:jump":2546,"minecraft:aviate_one_cm":17673,"minecraft:leave_game":4,"minecraft:time_since_death":21466,"minecraft:total_world_time":157044,"minecraft:damage_resisted":70,"minecraft:fall_one_cm":1614025},"minecraft:dropped":{"minecraft:snow_block":1,"minecraft:dirt":9,"minecraft:moss_block":2,"minecraft:stone":2,"minecraft:player_head":13,"minecraft:stone_button":2,"minecraft:tnt":7,"minecraft:amethyst_block":1,"minecraft:command_block":1,"minecraft:elytra":1,"minecraft:polished_granite":1}},"DataVersion":2730}